{
    "cycle": 20,
    "heatmap_energy_xy": [
        [
            0.0,
            0.0,
            0.0,
            0.0,
            0.9293060302734375,
            0.9448774456977844,
            0.0,
            0.0,
            0.0,
            0.0,
            0.0,
            0.0,
            0.0,
            0.0,
            0.0,
            0.9433249235153198,
            0.0,
            0.0,
            0.0,
            0.0
        ],
        [
            0.0,
            0.0,
            1.8365360498428345,
            4.692668437957764,
            6.579594135284424,
            5.665017127990723,
            5.6471147537231445,
            1.8749735355377197,
            2.814761161804199,
            0.0,
            0.9319548010826111,
            0.0,
            0.9518791437149048,
            0.9302334785461426,
            1.8656387329101563,
            2.8023581504821777,
            1.8301200866699219,
            3.7357101440429688,
            2.8234169483184814,
            1.8914313316345215
        ],
        [
            0.0,
            2.8193585872650146,
            6.579843521118164,
            9.450987815856934,
            10.439803123474121,
            11.323009490966797,
            12.35274887084961,
            7.559256553649902,
            3.816441297531128,
            2.8283309936523438,
            3.7937991619110107,
            4.694047927856445,
            6.591400146484375,
            8.476210594177246,
            11.345419883728027,
            11.302063941955566,
            11.278129577636719,
            13.211708068847656,
            9.396387100219727,
            4.726352691650391
        ],
        [
            0.0,
            3.746863842010498,
            11.251813888549805,
            15.134238243103027,
            16.11412811279297,
            13.278833389282227,
            16.18448257446289,
            11.404969215393066,
            5.682135581970215,
            6.636231422424316,
            8.546351432800293,
            10.374914169311523,
            9.515798568725586,
            15.12865161895752,
            13.28095531463623,
            12.36642837524414,
            14.216612815856934,
            15.125151634216309,
            15.177380561828613,
            10.433207511901855
        ],
        [
            0.0,
            3.7602763175964355,
            10.389910697937012,
            15.190020561218262,
            16.171199798583984,
            16.19552993774414,
            15.212273597717285,
            13.27700138092041,
            8.511284828186035,
            10.422510147094727,
            10.453398704528809,
            12.381956100463867,
            14.270366668701172,
            16.202922821044922,
            14.265887260437012,
            16.212465286254883,
            16.218080520629883,
            17.11325454711914,
            16.176450729370117,
            12.344388008117676
        ],
        [
            0.0,
            5.6428070068359375,
            13.231477737426758,
            15.205984115600586,
            15.231391906738281,
            16.155912399291992,
            16.057140350341797,
            8.525434494018555,
            8.53630542755127,
            8.521317481994629,
            9.523931503295898,
            12.332738876342773,
            13.290592193603516,
            16.183969497680664,
            16.18173599243164,
            15.268109321594238,
            13.312972068786621,
            14.307137489318848,
            16.210275650024414,
            15.161489486694336
        ],
        [
            0.0,
            1.8795725107192993,
            11.357810974121094,
            15.192294120788574,
            15.216381072998047,
            14.237003326416016,
            10.451635360717773,
            5.695972442626953,
            3.8035190105438232,
            8.516153335571289,
            8.492968559265137,
            8.5850191116333,
            10.439840316772461,
            12.360519409179688,
            12.371617317199707,
            14.313056945800781,
            14.301470756530762,
            16.193811416625977,
            16.185081481933594,
            16.133865356445313
        ],
        [
            0.0,
            4.700443267822266,
            9.482680320739746,
            11.410548210144043,
            10.454950332641602,
            13.320893287658691,
            8.478594779968262,
            5.667811393737793,
            2.8470895290374756,
            6.602027416229248,
            7.62026834487915,
            9.479601860046387,
            8.535909652709961,
            6.609062194824219,
            11.377510070800781,
            11.423758506774902,
            16.169546127319336,
            17.153644561767578,
            15.227620124816895,
            13.270906448364258
        ],
        [
            0.0,
            3.7908072471618652,
            8.52042293548584,
            10.488787651062012,
            13.326715469360352,
            14.190420150756836,
            6.630187034606934,
            5.684723854064941,
            5.706520080566406,
            7.571838855743408,
            12.314740180969238,
            9.501873970031738,
            6.643657207489014,
            5.670003890991211,
            6.661125659942627,
            10.471153259277344,
            10.502784729003906,
            14.257614135742188,
            13.35011100769043,
            10.40964412689209
        ],
        [
            0.0,
            1.8763041496276855,
            8.554258346557617,
            13.261146545410156,
            13.320290565490723,
            12.380895614624023,
            8.501522064208984,
            7.555074214935303,
            8.546173095703125,
            10.494410514831543,
            13.271953582763672,
            9.517065048217773,
            9.446645736694336,
            5.693881511688232,
            5.669718265533447,
            8.58629322052002,
            11.399738311767578,
            10.491328239440918,
            10.459419250488281,
            6.614670753479004
        ],
        [
            0.0,
            0.9535843729972839,
            5.686282157897949,
            15.194350242614746,
            15.224983215332031,
            14.300146102905273,
            13.297449111938477,
            10.449800491333008,
            11.407939910888672,
            13.36799144744873,
            13.289189338684082,
            11.4336519241333,
            9.461167335510254,
            9.42572021484375,
            4.707362174987793,
            8.582647323608398,
            7.588062286376953,
            11.41817569732666,
            11.414987564086914,
            2.8411526679992676
        ],
        [
            0.0,
            0.0,
            5.659421443939209,
            13.226997375488281,
            13.333084106445313,
            12.383370399475098,
            13.290108680725098,
            12.36260986328125,
            10.485618591308594,
            13.368911743164063,
            13.297182083129883,
            10.469861030578613,
            8.518037796020508,
            6.613466739654541,
            7.547744274139404,
            8.567882537841797,
            8.579191207885742,
            11.38436508178711,
            8.552324295043945,
            4.720718860626221
        ],
        [
            0.0,
            0.0,
            2.835651397705078,
            12.328510284423828,
            14.245406150817871,
            14.31906509399414,
            12.418452262878418,
            13.298773765563965,
            12.39531135559082,
            13.318231582641602,
            10.448638916015625,
            5.706579685211182,
            7.574681758880615,
            4.713435649871826,
            7.550746917724609,
            8.501840591430664,
            12.364689826965332,
            10.487420082092285,
            10.458650588989258,
