{
    "cycle": 10,
    "heatmap_energy_xy": [
        [
            0.0,
            0.9698481559753418,
            0.971354603767395,
            1.953010082244873,
            2.8977389335632324,
            2.9116411209106445,
            0.0,
            0.0,
            0.0,
            0.0,
            0.0,
            0.0,
            0.0,
            0.0,
            0.0,
            0.0,
            0.0,
            0.0,
            1.9411249160766602,
            0.0
        ],
        [
            0.0,
            3.9070074558258057,
            7.767721176147461,
            11.617196083068848,
            11.596034049987793,
            10.702216148376465,
            7.776504039764404,
            3.896355628967285,
            2.926905632019043,
            3.855116844177246,
            1.9398744106292725,
            3.9001786708831787,
            1.9447171688079834,
            8.680624961853027,
            6.735601902008057,
            7.729262351989746,
            7.724179744720459,
            5.801291465759277,
            5.809145927429199,
            0.9501925110816956
        ],
        [
            0.9418701529502869,
            6.77705717086792,
            12.648255348205566,
            13.608924865722656,
            15.60629940032959,
            14.605806350708008,
            17.551366806030273,
            11.63233470916748,
            9.710458755493164,
            6.802222728729248,
            6.76119327545166,
            11.658052444458008,
            12.604720115661621,
            11.656676292419434,
            13.63320255279541,
            14.563508987426758,
            15.56739616394043,
            13.551813125610352,
            10.662420272827148,
            5.828972339630127
        ],
        [
            1.9523918628692627,
            7.750569820404053,
            15.502396583557129,
            16.5849609375,
            17.4744815826416,
            18.509990692138672,
            17.553848266601563,
            14.541055679321289,
            8.754247665405273,
            7.803868293762207,
            11.688981056213379,
            11.648344039916992,
            16.532747268676758,
            16.549217224121094,
            15.59281063079834,
            14.609160423278809,
            17.50214958190918,
            16.49315071105957,
            14.585503578186035,
            9.70677375793457
        ],
        [
            0.0,
            7.7566728591918945,
            15.54324722290039,
            15.582682609558105,
            16.54375648498535,
            15.583890914916992,
            9.691823959350586,
            7.757875442504883,
            7.746488571166992,
            9.737723350524902,
            11.674933433532715,
            14.581523895263672,
            17.47813606262207,
            16.548250198364258,
            13.657123565673828,
            15.570467948913574,
            16.545093536376953,
            16.599201202392578,
            15.509163856506348,
            10.654929161071777
        ],
        [
            0.0,
            10.666498184204102,
            14.557269096374512,
            17.514915466308594,
            13.611627578735352,
            10.72754955291748,
            8.72787857055664,
            1.9597141742706299,
            5.830190658569336,
            8.71866226196289,
            10.67908000946045,
            10.707174301147461,
            13.662718772888184,
            13.627656936645508,
            12.675365447998047,
            12.646430015563965,
            15.55277156829834,
            17.523839950561523,
            13.582301139831543,
            8.746953964233398
        ],
        [
            0.0,
            4.868081092834473,
            13.603592872619629,
            12.646541595458984,
            11.695676803588867,
            9.719833374023438,
            3.893904685974121,
            2.923300266265869,
            3.8919341564178467,
            7.791906833648682,
            10.714344024658203,
            8.753593444824219,
            6.788491725921631,
            7.8110127449035645,
            8.781377792358398,
            13.640875816345215,
            14.611650466918945,
            14.61684513092041,
            13.646570205688477,
            7.772945404052734
        ],
        [
            0.0,
            5.843110084533691,
            13.581478118896484,
            12.6222562789917,
            10.712454795837402,
            6.808274269104004,
            4.845060348510742,
            0.9780673384666443,
            5.7873969078063965,
            10.6481351852417,
            10.663899421691895,
            8.753726959228516,
            7.750843048095703,
            8.637102127075195,
            10.701766014099121,
            10.729415893554688,
            14.617859840393066,
            14.624650955200195,
            12.666056632995605,
            5.824448108673096
        ],
        [
            0.9614492654800415,
            7.796462535858154,
            12.67331600189209,
            13.58093547821045,
            12.647140502929688,
            8.766739845275879,
            7.780261993408203,
            5.8436503410339355,
            9.74254035949707,
            14.559351921081543,
            12.663152694702148,
            10.705817222595215,
            7.7105793952941895,
            6.76920223236084,
            8.748886108398438,
            10.748357772827148,
            13.665976524353027,
            13.612716674804688,
            14.579926490783691,
            1.9320769309997559
        ],
        [
            0.0,
            7.750298023223877,
            9.74061393737793,
            15.597251892089844,
            12.695652961730957,
            11.648433685302734,
            7.793615818023682,
            8.746838569641113,
            12.632692337036133,
            14.61723804473877,
            14.590913772583008,
            11.679865837097168,
            6.787163734436035,
            2.912821054458618,
            5.835294723510742,
            10.741464614868164,
            12.689359664916992,
            14.6135835647583,
            9.71115779876709,
            0.9800001382827759
        ],
        [
            0.0,
            4.845983982086182,
            13.613045692443848,
            16.530838012695313,
            14.63852310180664,
            9.734940528869629,
            10.701923370361328,
            10.680017471313477,
            13.646483421325684,
            14.649025917053223,
            15.64293098449707,
            11.694843292236328,
            9.691068649291992,
            4.828567028045654,
            6.78563928604126,
            10.676066398620605,
            9.774835586547852,
            13.60389232635498,
            9.732634544372559,
            0.0
        ],
        [
            0.0,
            0.976783275604248,
            10.647263526916504,
            13.654417037963867,
            13.651285171508789,
            10.725198745727539,
            11.681906700134277,
            11.679473876953125,
            9.735950469970703,
            8.754219055175781,
            11.703706741333008,
            14.617839813232422,
            9.709920883178711,
            4.833035945892334,
            6.8122148513793945,
            9.727239608764648,
            8.773122787475586,
            10.711731910705566,
            10.668641090393066,
            1.9343470335006714
        ],
        [
            0.0,
            1.9274842739105225,
            10.680577278137207,
            14.545281410217285,
            15.599828720092773,
            11.692901611328125,
            9.722962379455566,
            8.71461009979248,
            6.807261943817139,
            8.772873878479004,
            12.66921329498291,
            11.632229804992676,
            4.835137367248535,
            3.8847813606262207,
            5.780317306518555,
