{
    "cycle": 40,
    "heatmap_energy_xy": [
        [
            0.0,
            0.0,
            0.0,
            0.0,
            0.0,
            0.8554805517196655,
            0.8721587061882019,
            0.8725918531417847,
            0.0,
            0.0,
            0.0,
            0.0,
            0.0,
            0.0,
            0.0,
            0.9038380980491638,
            1.7468152046203613,
            0.8822328448295593,
            0.0,
            0.0
        ],
        [
            0.0,
            0.0,
            0.0,
            0.9055545330047607,
            1.7303073406219482,
            2.6679930686950684,
            2.6372575759887695,
            1.789717435836792,
            2.6166164875030518,
            0.8710364699363708,
            0.0,
            0.8880107402801514,
            1.7902162075042725,
            1.770794153213501,
            1.8001089096069336,
            1.8206260204315186,
            2.675309896469116,
            2.6565585136413574,
            1.781144142150879,
            1.7352683544158936
        ],
        [
            0.0,
            0.0,
            1.7001723051071167,
            1.785172700881958,
            6.306947231292725,
            3.6229772567749023,
            6.32952356338501,
            3.6402742862701416,
            3.5779218673706055,
            3.5769195556640625,
            1.7965071201324463,
            0.9254615902900696,
            3.5622267723083496,
            3.577967882156372,
            4.434812545776367,
            4.542185306549072,
            4.5222039222717285,
            8.93553638458252,
            7.1200737953186035,
            6.280792713165283
        ],
        [
            0.0,
            2.6008996963500977,
            5.352748870849609,
            5.4218645095825195,
            7.206966876983643,
            8.154863357543945,
            8.108562469482422,
            6.340771675109863,
            4.556928634643555,
            3.6833887100219727,
            3.6735610961914063,
            3.6458237171173096,
            4.5627641677856445,
            6.370229721069336,
            7.2652482986450195,
            11.68509292602539,
            12.67977237701416,
            11.751704216003418,
            14.502224922180176,
            11.794782638549805
        ],
        [
            0.9017840623855591,
            2.68803334236145,
            5.254373550415039,
            8.133891105651855,
            11.745226860046387,
            9.97611141204834,
            10.840200424194336,
            9.937507629394531,
            7.204179763793945,
            4.582715034484863,
            4.56749153137207,
            7.274110794067383,
            7.336605072021484,
            9.132328033447266,
            11.817638397216797,
            12.707151412963867,
            13.673646926879883,
            14.578910827636719,
            14.600529670715332,
            15.511164665222168
        ],
        [
            2.6183042526245117,
            3.6021251678466797,
            6.30925989151001,
            10.827595710754395,
            12.658834457397461,
            13.596675872802734,
            13.619559288024902,
            12.644290924072266,
            9.97144889831543,
            6.307848930358887,
            7.300601959228516,
            8.185619354248047,
            8.184566497802734,
            11.788728713989258,
            11.851184844970703,
            13.675370216369629,
            14.583580017089844,
            14.622495651245117,
            15.582825660705566,
            15.624500274658203
        ],
        [
            0.907633364200592,
            1.7905776500701904,
            3.625199317932129,
            10.853652954101563,
            14.507887840270996,
            14.52169132232666,
            14.586780548095703,
            12.733574867248535,
            10.896955490112305,
            8.194282531738281,
            8.183817863464355,
            7.285353660583496,
            10.007991790771484,
            12.731636047363281,
            10.952263832092285,
            14.559356689453125,
            14.61492919921875,
            14.639688491821289,
            15.595771789550781,
            15.60385513305664
        ],
        [
            0.0,
            1.775431752204895,
            4.538049697875977,
            9.047252655029297,
            14.495855331420898,
            13.645763397216797,
            13.64453411102295,
            12.6728515625,
            9.093976974487305,
            6.354886531829834,
            9.067697525024414,
            8.202008247375488,
            9.011384010314941,
            8.200121879577637,
            11.830131530761719,
            12.693814277648926,
            12.776163101196289,
            13.741155624389648,
            15.572622299194336,
            14.670945167541504
        ],
        [
            0.0,
            2.6462936401367188,
            4.541603088378906,
            8.123677253723145,
            12.682174682617188,
            12.719680786132813,
            11.82000732421875,
            10.885223388671875,
            8.185654640197754,
            8.17506217956543,
            7.294261932373047,
            8.199785232543945,
            8.193292617797852,
            8.18832778930664,
            11.781081199645996,
            12.73109245300293,
            12.745353698730469,
            14.607686996459961,
            15.544474601745605,
            14.628046035766602
        ],
        [
            0.0,
            3.576327085494995,
            4.530288219451904,
            4.564190864562988,
            10.016247749328613,
            12.735574722290039,
            13.615581512451172,
            10.851424217224121,
            7.284961700439453,
            8.210478782653809,
            8.192763328552246,
            8.199821472167969,
            6.308959007263184,
            8.178107261657715,
            9.925592422485352,
            9.097747802734375,
            10.8266019821167,
            14.545174598693848,
            14.601445198059082,
            11.858917236328125
        ],
        [
            0.0,
            1.7924275398254395,
            4.5302324295043945,
            6.345554351806641,
            9.949762344360352,
            12.650188446044922,
            13.637989044189453,
            10.916112899780273,
            10.007465362548828,
            9.90968132019043,
            9.937070846557617,
            11.752975463867188,
            9.917627334594727,
            5.442343711853027,
            5.452591896057129,
            8.158377647399902,
            9.996359825134277,
            10.93237590789795,
            12.697407722473145,
            10.969827651977539
        ],
        [
            0.0,
            0.0,
            3.631770610809326,
            4.55300235748291,
            7.292651653289795,
            13.60071849822998,
            12.740918159484863,
            11.810096740722656,
            12.76547908782959,
            12.705830574035645,
            13.553232192993164,
            11.70287799835205,
            10.89720344543457,
            7.264621734619141,
            4.555108070373535,
            4.557332992553711,
            9.024957656860352,
            10.8673095703125,
            11.838638305664063,
            10.015049934387207
        ],
        [
            0.0,
            0.89387446641922,
            3.6397790908813477,
            4.55240535736084,
            10.874443054199219,
            12.753708839416504,
            12.78486442565918,
            12.759905815124512,
            15.39599609375,
            13.599395751953125,
            11.810924530029297,
            11.746068954467773,
            9.081005096435547,
            4.572536468505859,
            3.659654378890991,
            4.583141326904297,
            7.280891418457031,
            10.011914253234863,
