{
    "cycle": 30,
    "heatmap_energy_xy": [
        [
            0.0,
            0.0,
            0.0,
            0.0,
            0.0,
            0.0,
            0.8996215462684631,
            0.0,
            0.0,
            0.0,
            0.0,
            0.0,
            0.0,
            0.0,
            0.0,
            0.8870161175727844,
            0.9230200052261353,
            0.0,
            0.0,
            0.0
        ],
        [
            0.0,
            0.0,
            0.0,
            2.677581310272217,
            2.765686511993408,
            3.6187057495117188,
            3.6705121994018555,
            1.8239200115203857,
            1.8320858478546143,
            0.8961455225944519,
            0.0,
            1.8216173648834229,
            0.0,
            0.9193382263183594,
            2.7438321113586426,
            1.8371129035949707,
            2.725339651107788,
            1.7645752429962158,
            3.644733190536499,
            3.653552293777466
        ],
        [
            0.0,
            0.0,
            1.8180911540985107,
            5.481289863586426,
            8.257915496826172,
            8.246136665344238,
            6.490139961242676,
            3.681933879852295,
            2.7560338973999023,
            2.702362537384033,
            2.7716305255889893,
            2.7736756801605225,
            2.7766454219818115,
            4.565727233886719,
            6.449036121368408,
            6.470147609710693,
            7.345114231109619,
            7.3769426345825195,
            10.120245933532715,
            3.67470121383667
        ],
        [
            0.0,
            3.6435089111328125,
            5.486846923828125,
            8.303805351257324,
            11.088472366333008,
            14.786833763122559,
            11.115148544311523,
            8.35385799407959,
            6.493875026702881,
            4.651329040527344,
            5.547567367553711,
            5.557056903839111,
            7.448784828186035,
            9.243711471557617,
            11.139483451843262,
            12.977120399475098,
            12.018966674804688,
            14.754591941833496,
            14.816496849060059,
            12.960003852844238
        ],
        [
            0.0,
            1.823359727859497,
            9.150551795959473,
            12.898680686950684,
            13.838048934936523,
            15.831648826599121,
            12.993714332580566,
            12.04645824432373,
            8.374338150024414,
            6.550293445587158,
            6.462388038635254,
            9.24409294128418,
            10.254361152648926,
            12.103142738342285,
            14.84185791015625,
            14.802328109741211,
            13.058602333068848,
            15.793582916259766,
            16.7520809173584,
            12.11906909942627
        ],
        [
            0.9090867042541504,
            3.6631696224212646,
            6.447735786437988,
            13.942340850830078,
            14.85764217376709,
            14.828474044799805,
            15.805878639221191,
            13.898534774780273,
            8.32467269897461,
            7.419118881225586,
            10.238525390625,
            10.235108375549316,
            10.235523223876953,
            13.027142524719238,
            12.112847328186035,
            14.029413223266602,
            15.864221572875977,
            13.965424537658691,
            16.811555862426758,
            15.853594779968262
        ],
        [
            0.8810325264930725,
            2.7608394622802734,
            6.456079483032227,
            13.86745548248291,
            14.884795188903809,
            13.963366508483887,
            13.95645523071289,
            10.213467597961426,
            8.349248886108398,
            9.282013893127441,
            8.254557609558105,
            9.321118354797363,
            9.32745361328125,
            12.086408615112305,
            13.080215454101563,
            14.917905807495117,
            15.86610221862793,
            15.81908893585205,
            16.778562545776367,
            15.895048141479492
        ],
        [
            0.9245129823684692,
            2.7775983810424805,
            7.369033336639404,
            13.00125789642334,
            14.887685775756836,
            14.855942726135254,
            12.99815559387207,
            10.178661346435547,
            7.405346870422363,
            6.5045084953308105,
            7.457126140594482,
            9.290887832641602,
            7.399294853210449,
            7.459211349487305,
            12.045082092285156,
            13.950160026550293,
            13.980839729309082,
            14.934676170349121,
            14.925719261169434,
            14.892167091369629
        ],
        [
            0.0,
            2.780839681625366,
            4.641336441040039,
            9.295061111450195,
            13.010764122009277,
            14.845511436462402,
            12.022193908691406,
            7.418654918670654,
            5.595745086669922,
            7.446349620819092,
            8.350696563720703,
            7.453492641448975,
            8.35333251953125,
            8.340407371520996,
            8.3335542678833,
            11.128687858581543,
            12.125802040100098,
            13.070450782775879,
            14.878276824951172,
            13.995465278625488
        ],
        [
            0.0,
            2.779851198196411,
            2.774240255355835,
            9.289681434631348,
            10.197925567626953,
            14.891222953796387,
            10.182427406311035,
            7.446082592010498,
            7.445234775543213,
            8.397281646728516,
            11.113264083862305,
            11.129448890686035,
            8.30245304107666,
            6.499551296234131,
            4.674681186676025,
            9.29364013671875,
            10.209827423095703,
            12.09223747253418,
            14.853019714355469,
            11.140127182006836
        ],
        [
            0.0,
            0.9270520806312561,
            3.6631972789764404,
            9.27315616607666,
            13.014261245727539,
            14.832318305969238,
            10.232430458068848,
            12.985309600830078,
            12.058247566223145,
            12.037646293640137,
            13.91641616821289,
            11.075593948364258,
            10.138799667358398,
            7.362411022186279,
            3.7190823554992676,
            8.32293701171875,
            9.302927017211914,
            9.301799774169922,
            11.13737964630127,
            9.260984420776367
        ],
        [
            0.0,
            0.0,
            2.7810051441192627,
            8.325337409973145,
            12.989177703857422,
            13.948844909667969,
            12.092973709106445,
            12.116662979125977,
            12.989703178405762,
            11.985421180725098,
            12.126506805419922,
            11.13293170928955,
            10.191226959228516,
            6.478209972381592,
            4.6334004402160645,
            5.560192584991455,
            10.198507308959961,
            10.171195030212402,
            10.2198486328125,
            7.410381317138672
        ],
        [
            0.0,
            0.9249861240386963,
            2.7741427421569824,
            8.324475288391113,
            12.064736366271973,
            14.904845237731934,
            12.111666679382324,
            13.08901596069336,
            13.015262603759766,
            13.052980422973633,
            11.169709205627441,
            8.361698150634766,
            7.401213645935059,
            3.696082592010498,
            3.7133541107177734,
            5.5705132484436035,
            9.283330917358398,
            11.125190734863281,
            12.02046012878418,
