{
    "cycle": 50,
    "heatmap_energy_xy": [
        [
            0.0,
            0.0,
            0.0,
            0.0,
            0.0,
            0.0,
            0.8507552146911621,
            0.8214209675788879,
            0.8603819012641907,
            0.0,
            0.0,
            0.0,
            0.0,
            0.0,
            0.0,
            1.7465018033981323,
            2.5395798683166504,
            2.564488410949707,
            1.6915807723999023,
            0.8616999983787537
        ],
        [
            0.0,
            0.0,
            0.0,
            0.8774478435516357,
            0.8941934704780579,
            2.6046361923217773,
            2.5983946323394775,
            2.574129819869995,
            2.576291084289551,
            1.7115685939788818,
            1.7719841003417969,
            0.8621188402175903,
            1.7734832763671875,
            0.8608602285385132,
            1.7579224109649658,
            2.6265170574188232,
            2.6366991996765137,
            2.5755109786987305,
            3.501218795776367,
            2.6010541915893555
        ],
        [
            0.0,
            0.819373369216919,
            0.0,
            2.5708725452423096,
            3.4466419219970703,
            4.359699249267578,
            3.53869891166687,
            2.6813158988952637,
            2.595609426498413,
            2.6255202293395996,
            1.682255744934082,
            2.621553659439087,
            1.7246360778808594,
            3.4522905349731445,
            1.7230443954467773,
            4.435779094696045,
            3.5287890434265137,
            8.725993156433105,
            7.84219217300415,
            7.932384967803955
        ],
        [
            0.0,
            0.8635908365249634,
            1.6191742420196533,
            4.408699035644531,
            6.026963233947754,
            6.219389915466309,
            7.0415449142456055,
            6.190230369567871,
            3.5660080909729004,
            4.467175483703613,
            3.5727744102478027,
            3.555539846420288,
            3.5728225708007813,
            4.512092113494873,
            5.384987831115723,
            7.147540092468262,
            10.62060546875,
            11.546209335327148,
            12.410664558410645,
            12.351944923400879
        ],
        [
            0.8759240508079529,
            1.729217290878296,
            4.321054935455322,
            5.295222759246826,
            7.996535778045654,
            7.917642116546631,
            7.125171661376953,
            7.117957592010498,
            6.186218738555908,
            4.493560314178467,
            4.45330286026001,
            3.615607738494873,
            4.503025054931641,
            7.954137802124023,
            9.790773391723633,
            12.445069313049316,
            12.486212730407715,
            13.473029136657715,
            13.455975532531738,
            13.449625015258789
        ],
        [
            1.7150964736938477,
            2.6113288402557373,
            5.228909492492676,
            7.052839756011963,
            11.394824981689453,
            10.582242965698242,
            13.229856491088867,
            9.752586364746094,
            8.856407165527344,
            7.934352874755859,
            3.650827646255493,
            7.141092777252197,
            8.018003463745117,
            8.850773811340332,
            11.536359786987305,
            12.463114738464355,
            12.580658912658691,
            13.471288681030273,
            13.550557136535645,
            14.415650367736816
        ],
        [
            1.7346818447113037,
            2.6442878246307373,
            4.377951622009277,
            7.073719024658203,
            9.789020538330078,
            12.41811466217041,
            13.333813667297363,
            12.427536010742188,
            9.778655052185059,
            8.007059097290039,
            8.883395195007324,
            7.158710956573486,
            7.963517189025879,
            11.543069839477539,
            10.715043067932129,
            12.458285331726074,
            13.458230018615723,
            11.760014533996582,
            14.42676830291748,
            14.431401252746582
        ],
        [
            0.8654011487960815,
            1.7445125579833984,
            3.5440964698791504,
            7.083646774291992,
            12.340249061584473,
            13.29369068145752,
            12.505448341369629,
            12.461013793945313,
            10.673129081726074,
            8.861324310302734,
            8.01407527923584,
            8.918357849121094,
            8.876688003540039,
            8.93851375579834,
            10.700438499450684,
            12.425654411315918,
            14.32125473022461,
            14.327892303466797,
            13.512351036071777,
            14.443083763122559
        ],
        [
            0.8720741271972656,
            3.4672513008117676,
            4.382435321807861,
            6.25798225402832,
            12.406006813049316,
            12.470337867736816,
            12.460060119628906,
            11.550409317016602,
            11.529778480529785,
            8.899026870727539,
            7.12274169921875,
            6.271936893463135,
            7.162151336669922,
            8.895087242126465,
            9.801350593566895,
            13.34302043914795,
            13.381433486938477,
            12.553739547729492,
            15.22900104522705,
            13.536035537719727
        ],
        [
            0.8643187284469604,
            3.515995502471924,
            3.5251200199127197,
            6.223452568054199,
            9.757701873779297,
            11.555963516235352,
            11.581311225891113,
            13.324193000793457,
            9.757939338684082,
            8.895797729492188,
            8.017722129821777,
            8.856781005859375,
            7.088639259338379,
            8.015179634094238,
            8.885459899902344,
            11.559441566467285,
            12.483932495117188,
            13.384763717651367,
            13.418554306030273,
            13.453176498413086
        ],
        [
            0.0,
            1.7480943202972412,
            4.436168193817139,
            5.331000804901123,
            8.877054214477539,
            11.511734008789063,
            10.683061599731445,
            13.293346405029297,
            8.072758674621582,
            9.750802040100098,
            9.754012107849121,
            10.609681129455566,
            7.108652114868164,
            7.125674724578857,
            8.012077331542969,
            8.897144317626953,
            11.541248321533203,
            12.453262329101563,
            13.351591110229492,
            11.643762588500977
        ],
        [
            0.0,
            1.7735931873321533,
            3.544834613800049,
            4.468379974365234,
            7.140592575073242,
            11.53847599029541,
            12.49211311340332,
            10.69325065612793,
            13.269651412963867,
            11.550460815429688,
            12.423177719116211,
            9.703048706054688,
            9.759092330932617,
            6.243556022644043,
            4.472715377807617,
            7.126641750335693,
            8.024412155151367,
            11.622056007385254,
            14.283538818359375,
            12.548195838928223
        ],
        [
            0.0,
            0.8957810401916504,
            2.676064968109131,
            5.3607401847839355,
            10.570269584655762,
            10.702099800109863,
            13.362231254577637,
            13.391485214233398,
            11.586068153381348,
            13.33772087097168,
            13.344339370727539,
            9.771646499633789,
            9.730400085449219,
            7.125204086303711,
